{"cameraMode":{"drawMode":0,"name":"Shaded","section":"Shading Mode"},"sceneLighting":false,"audioPlay":false,"sceneViewState":{"m_AlwaysRefresh":false,"showFog":true,"showSkybox":false,"showFlares":true,"showImageEffects":true,"showParticleSystems":true,"showVisualEffectGraphs":true,"m_FxEnabled":true},"in2DMode":false,"pivot":{"x":-0.03348183631896973,"y":0.9527715444564819,"z":-0.120968759059906},"rotation":{"x":-0.03521342575550079,"y":-0.9070789813995361,"z":-0.07745899260044098,"w":0.41228488087654116},"size":1.8195018768310547,"orthographic":false}