{"cameraMode":{"drawMode":0,"name":"Shaded","section":"Shading Mode"},"sceneLighting":true,"audioPlay":false,"sceneViewState":{"m_AlwaysRefresh":false,"showFog":true,"showSkybox":true,"showFlares":true,"showImageEffects":true,"showParticleSystems":true,"showVisualEffectGraphs":true,"m_FxEnabled":true},"in2DMode":false,"pivot":{"x":1317.2906494140625,"y":707.5260009765625,"z":-41.80499267578125},"rotation":{"x":0.0213007889688015,"y":0.027300965040922166,"z":-0.0005801345687359571,"w":0.9994060397148132},"size":637.0458374023438,"orthographic":false}