{"cameraMode":{"drawMode":0,"name":"Shaded","section":"Shading Mode"},"sceneLighting":true,"audioPlay":false,"sceneViewState":{"m_AlwaysRefresh":false,"showFog":true,"showSkybox":true,"showFlares":true,"showImageEffects":true,"showParticleSystems":true,"showVisualEffectGraphs":true,"m_FxEnabled":true},"in2DMode":false,"pivot":{"x":-4.744761943817139,"y":60.16505813598633,"z":50.02185821533203},"rotation":{"x":0.0423637218773365,"y":-0.19300226867198945,"z":-0.008342226967215538,"w":-0.9802587032318115},"size":0.04550142586231232,"orthographic":false}