{"cameraMode":{"drawMode":0,"name":"Shaded","section":"Shading Mode"},"sceneLighting":true,"audioPlay":false,"sceneViewState":{"m_AlwaysRefresh":false,"showFog":true,"showSkybox":true,"showFlares":true,"showImageEffects":true,"showParticleSystems":true,"showVisualEffectGraphs":true,"m_FxEnabled":true},"in2DMode":false,"pivot":{"x":556.29345703125,"y":451.50689697265627,"z":124.14852905273438},"rotation":{"x":0.12724272906780244,"y":0.05829751864075661,"z":-0.007493976503610611,"w":0.9901373386383057},"size":844.3947143554688,"orthographic":false}