{"cameraMode":{"drawMode":0,"name":"Shaded","section":"Shading Mode"},"sceneLighting":false,"audioPlay":false,"sceneViewState":{"m_AlwaysRefresh":false,"showFog":true,"showSkybox":false,"showFlares":true,"showImageEffects":true,"showParticleSystems":true,"showVisualEffectGraphs":true,"m_FxEnabled":true},"in2DMode":false,"pivot":{"x":1455.9415283203125,"y":105.2418212890625,"z":450.09381103515627},"rotation":{"x":0.0026876735500991346,"y":-0.9135574102401733,"z":0.40666645765304568,"w":0.006035260856151581},"size":8.15461254119873,"orthographic":false}