{"cameraMode":{"drawMode":0,"name":"Shaded","section":"Shading Mode"},"sceneLighting":false,"audioPlay":false,"sceneViewState":{"m_AlwaysRefresh":false,"showFog":true,"showSkybox":false,"showFlares":true,"showImageEffects":true,"showParticleSystems":true,"showVisualEffectGraphs":true,"m_FxEnabled":true},"in2DMode":false,"pivot":{"x":1456.385986328125,"y":110.90216064453125,"z":452.0959167480469},"rotation":{"x":0.0026876735500991346,"y":-0.9135574102401733,"z":0.40666645765304568,"w":0.006035260856151581},"size":1.4866218566894532,"orthographic":false}