{"cameraMode":{"drawMode":0,"name":"Shaded","section":"Shading Mode"},"sceneLighting":false,"audioPlay":false,"sceneViewState":{"m_AlwaysRefresh":false,"showFog":true,"showSkybox":false,"showFlares":true,"showImageEffects":true,"showParticleSystems":true,"showVisualEffectGraphs":true,"m_FxEnabled":true},"in2DMode":false,"pivot":{"x":1004.2901000976563,"y":394.6439208984375,"z":-43.484222412109378},"rotation":{"x":0.12724272906780244,"y":0.05829751864075661,"z":-0.007493976503610611,"w":0.9901373386383057},"size":230.78433227539063,"orthographic":false}